{
    "course_details" : [
        {
            "id":1,
            "title":"UI/UX design pattern for successful software applications",
            "bannerContent":"If you are planing to set you career as a cloud architect, then you are at the right place. Huddle Rise is considered to be one of the Best AngularJS Online Training institute in Bangalore India.",
            "discription":[
                "If you are planing to set you career as a cloud architect, then you are at the right place. Huddle Rise is considered to be one of the Best AngularJS Online Training institute in Bangalore India.",
                "If you are planing to set you career as a cloud architect, then you are at the right place. Huddle Rise is considered to be one of the Best AngularJS Online Training institute in Bangalore India."
            ],
            "requirements":"no pre req",
            "reqList":["req 1","req 2","req 3"],
            "whatyouwilllearn":"nothing",
            "banner":"assets/images/courses/angular_banner.jpg",
            "cimage":"assets/images/courses/angular_cimage.png",
            "category":"web",
            "fees":"20,000",
            "finalFees":"15,000",
            "courseDetailsList":[
                "8.5 hours on-demand video",
                "2 articles",
                "16 downloadable resources",
                "Full lifetime access",
                "Access on mobile and TV",
                "Certificate of completion"
            ],
            "assignmentList": [
                
            ],
            "course_syllabus":[
                {
                    "heading":"introduction",
                    "subtopics":[
                        {
                            "title":"sub topic data",
                            "preview":true,
                            "duration":30,
                            "assignments":1
                        },
                        {
                            "title":"sub topic data 2",
                            "preview":false,
                            "duration":20,
                            "assignments":3
                        }
                    ],
                    "isdemo":true               
                },
                {
                    "heading":"Visual Code",
                    "subtopics":[
                        {
                            "title":"sub topic data 22",
                            "preview":true,
                            "duration":30,
                            "assignments":1
                        },
                        {
                            "title":"sub topic data 12",
                            "preview":false,
                            "duration":45,
                            "assignments":3
                        }
                    ],
                    "isdemo":false                 
                }
            ]
        },
        {
            "id":9,
            "title":"Java",
            "bannerContent":"If you are planing to set you career as a cloud architect, then you are at the right place. Huddle Rise is considered to be one of the Best AngularJS Online Training institute in Bangalore India.",
            "discription":[
                "If you are planing to set you career as a cloud architect, then you are at the right place. Huddle Rise is considered to be one of the Best AngularJS Online Training institute in Bangalore India.",
                "If you are planing to set you career as a cloud architect, then you are at the right place. Huddle Rise is considered to be one of the Best AngularJS Online Training institute in Bangalore India."
            ],
            "requirements":"no pre req",
            "reqList":["req 1","req 2","req 3"],
            "whatyouwilllearn":"nothing",
            "banner":"assets/images/courses/angular_banner.jpg",
            "cimage":"assets/images/courses/angular_cimage.png",
            "category":"web",
            "fees":"20,000",
            "finalFees":"15,000",
            "courseDetailsList":[
                "8.5 hours on-demand video",
                "2 articles",
                "16 downloadable resources",
                "Full lifetime access",
                "Access on mobile and TV",
                "Certificate of completion"
            ],
            "assignmentList": [
                
            ],
            "course_syllabus":[
                {
                    "heading":"introduction",
                    "subtopics":[
                        {
                            "title":"sub topic data",
                            "preview":true,
                            "duration":30,
                            "assignments":1
                        },
                        {
                            "title":"sub topic data 2",
                            "preview":false,
                            "duration":20,
                            "assignments":3
                        }
                    ],
                    "isdemo":true               
                },
                {
                    "heading":"Visual Code",
                    "subtopics":[
                        {
                            "title":"sub topic data 22",
                            "preview":true,
                            "duration":30,
                            "assignments":1
                        },
                        {
                            "title":"sub topic data 12",
                            "preview":false,
                            "duration":45,
                            "assignments":3
                        }
                    ],
                    "isdemo":false                 
                }
            ]
        }
    ]
}